Marca temporal,Dirección de correo electrónico,Edad que tiene actualmente ,Apellido(s) y Nombre(s),Año de titulación ,Sector en el que trabaja,Vinculo Laboral (Empres/Industria),Area de especialización,Rubro de la Empresa,Cargo,Titulo de profesion,"Posterior a sus estudios de pregrado en Ingeniería en Sistemas, ¿Ha realizado o se encuentra realizando algún programa de formación complementaria? (programas de posgrado, diplomados, doble titulación por diplomado, especializaciones, etc)","¿ESTARÍA INTERESADO EN REALIZAR ESTUDIOS EN ALGÚN PROGRAMA DE POSGRADO
DENTRO DE LAS ÁREAS DE LA INGENIERÍA EN SISTEMAS?",¿CUAL ES SU OPINIÓN PERSONAL RESPECTO AL POSGRADO DE LA FCyT? [“¿Considera que existen programas de formación de posgrado ofertados en la Dirección de Posgrado de la FCyT que son afines a las áreas de especialidad de un Ingeniero en Sistemas?”],¿CUÁNTOS SON LOS AÑOS DE VIDA PROFESIONAL QUE LLEVA HASTA LA FECHA?,"DE LA CANTIDAD DE TIEMPO RESPONDIDA EN LA PREGUNTA ANTERIOR, ¿QUÉ CANTIDAD CORRESPONDE AL TOTAL DE TIEMPO EN QUE SE HA ENCONTRADO DESEMPLEADO?",¿CUÁL DE LAS SIGUIENTES AFIRMACIONES DESCRIBE SU SITUACIÓN LABORAL ACTUAL?,  ¿Qué nivel de posgrado le interesa?  ,¿EN CUÁL DE LAS SIGUIENTES ÁREAS LE INTERESARÍA REALIZAR EL PROGRAMA?,Modalidad preferida,"EN CASO DE REALIZAR UN ESTUDIO DE POSGRADO ¿EN QUÉ ORGANIZACIÓN
EDUCATIVA OPTARÍA POR REALIZAR SUS ESTUDIOS DE POSGRADO?",Nombre de la empresa u organización donde trabaja actualmente:,¿ CUÁL ES EL RUBRO DE LA ORGANIZACIÓN DONDE TRABAJA ACTUALMENTE?,OTRO RUBRO:,"EL TRABAJO EN EL QUE SE ENCUENTRA, ¿A QUÉ SECTOR CORRESPONDE?",¿EN QUÉ DEPARTAMENTO DE BOLIVIA TRABAJA?,"¿CUÁL ES EL ÁREA DENTRO DE LA ORGANIZACIÓN DONDE DESARROLLA SUS
ACTIVIDADES PROFESIONALES?",¿Cuál es el cargo que desempeña en su actual trabajo?,¿COMO EVALUA SU FORMACION EN INGENIERIA DE SISTEMA EN SU TRABAJO ACTUAMENTE ? [En su actual puesto de trabajo las labores que se encuentra desempeñando son peritnentes a sus formación como Ingeniero de Sistemas],¿Que antiguedad tiene en su actual trabajo?,¿A través de qué medio obtivo el trabajo que actualmente desempeña?,Señale la remuneración promedio mensual que está percibiendo en su actual trabajo,Indique cuál es la razón por la que actualmente no trabaja en un empleo relacionado con su formación como Ingeniero de Sistemas,"Si bien actualmente no trabaja, ¿Ha tenido algún trabajo antes?","Luego de titularse, ¿Cuánto tiempo se demoró en conseguir su primer trabajo relacionado con su formación como Ingeniero en Sistemas?","Desde que se tituló, ¿en cuántos empleos usted se ha desempeñado? (Incluyendo su actual empleo si corresponde)", [De manera global ¿Cuál es el grado de satisfacción que ha desarrollado con la formación profesional recibida en la Carrera de Ingenieria de Sistemas?], [Considera que existe concordancia entre la formación profesional recibida en la Carrera de Ingeniería de sitemas y requerimientos],¿Qué aspectos de la Carrera les resultaron de bastante utilidad?,¿Qué aspectos de la Carrera considera que pueden mejorarse?,Indique 5 asignaturas cursadas en la Carrera que considera que le brindaron una ventaja competitiva al momento de buscar trabajo o desenvolverse profesionalmente.,Indique 5 asignaturas cursadas en la Carrera que no le resultaron de mucha utilidad en su vida profesional.,"¿Le interesaría formar parte una red de contactos oficial de la Carrera de Ingeniería en Sistemas para compartir experiencias, proyectos y ofertas laborales?",Email de contacto,Número telefónico de contacto:,LINK de LinkedIn, [De manera global ¿Cuál es el grado de satisfacción que ha desarrollado con la formación profesional recibida en la Carrera de Ingenieria de Sistemas?], [Considera que existe concordancia entre la formación profesional recibida en la Carrera de Ingeniería de Sistemas y los requerimiento],Competencias TÉCNICAS (hard skills): ¿Qué tan preparado lo dejó la Carrera?  [Programación y desarrollo de software],Competencias TÉCNICAS (hard skills): ¿Qué tan preparado lo dejó la Carrera?  [Bases de datos],Competencias TÉCNICAS (hard skills): ¿Qué tan preparado lo dejó la Carrera?  [Redes e infraestructura],Competencias TÉCNICAS (hard skills): ¿Qué tan preparado lo dejó la Carrera?  [Seguridad informática],Competencias TÉCNICAS (hard skills): ¿Qué tan preparado lo dejó la Carrera?  [Análisis de datos],Competencias TÉCNICAS (hard skills): ¿Qué tan preparado lo dejó la Carrera?  [Ingeniería de requisitos y modelado de sistemas],Competencias TÉCNICAS (hard skills): ¿Qué tan preparado lo dejó la Carrera?  [Gestión de proyectos],Competencias TÉCNICAS (hard skills): ¿Qué tan preparado lo dejó la Carrera?  [Cloud / DevOps],Competencias TRANSVERSALES (soft skills): ¿Qué tan preparado lo dejó la Carrera?  [Comunicación oral y escrita],Competencias TRANSVERSALES (soft skills): ¿Qué tan preparado lo dejó la Carrera?  [Trabajo en equipo],Competencias TRANSVERSALES (soft skills): ¿Qué tan preparado lo dejó la Carrera?  [Resolución de problemas],Competencias TRANSVERSALES (soft skills): ¿Qué tan preparado lo dejó la Carrera?  [Liderazgo],Competencias TRANSVERSALES (soft skills): ¿Qué tan preparado lo dejó la Carrera?  [Inglés técnico],Competencias TRANSVERSALES (soft skills): ¿Qué tan preparado lo dejó la Carrera?  [Aprendizaje autónomo],¿Qué competencia le hizo más falta al iniciar su vida laboral?,¿Qué aspectos de la Carrera les resultaron de bastante utilidad? ,¿Qué aspectos de la Carrera considera que pueden mejorarse? ,Indique 5 asignaturas cursadas en la Carrera que considera que le brindaron una ventaja competitiva al momento de buscar trabajo o desenvolverse profesionalmente. ,Indique 5 asignaturas cursadas en la Carrera que no le resultaron de mucha utilidad en su vida profesional. ,"¿Le interesaría formar parte una red de contactos oficial de la Carrera de Ingeniería en Sistemas para compartir experiencias, proyectos y ofertas laborales? ",Email de contacto ,Número telefónico de contacto: ,LINK de LinkedIn ,¿Cuál es el origen del desarrollo de su propio emprendimiento?,¿Qué tipo de entregable genera el negocio?,¿Ha requerido financiamiento externo para su negocio?,Satisfacción [¿Que tan satisfecho esá con el rendimiento actual de su negocio ?],Importancia de Ingenieria de sistemas  [¿Qué tan importante considera que fue su formación en Ingeniería en Sistemas para iniciar y gestioar su negocio??],¿El trabajo que ejerce actualmente es su primer empleo?,¿CUÁL ES EL PROGRAMA DE FORMACIÓN COMPLEMENTARIA DE MAYOR NIVEL QUE HA CONCLUIDO O QUE SE ENCUENTRA REALIZANDO?,¿DONDE HA CURSADO EL PROGRAMA INDICADO?,¿CUÁL FUE LA FUENTE DE FINANCIAMIENTO PARA CURSAR EL PROGRAMA INDICADO?,  INDIQUE EL NOMBRE DEL PROGRAMA  ,Género:,"EN CASO DE REALIZAR UN ESTUDIO DE POSGRADO, ¿CÓMO FINANCIARÍA SUS ESTUDIOS? ",INDIQUE EL NOMBRE DEL PROGRAMA,"¿ESTARÍA INTERESADO EN REALIZAR ESTUDIOS EN ALGÚN PROGRAMA DE POSGRADO
DENTRO DE LAS ÁREAS DE LA INGENIERÍA EN SISTEMAS?"
2/3/2026 9:43:00,titulado1640@ejemplo.test,15 - 18 años,Ana Rojas,2017,Privado,Consultora de software,Trabajo independiente,Institución pública,Desarrollo,Ingeniero de Sistemas,No,SI,EN DESACUERDO,0,4,Actualmente dedico mi tiempo COMPLETO a un emprendimiento propio,Especialidad,IA,Modular(fines de semana),IBNORCA,Empresa de tecnología,Desarrollo de Software,Institución pública,PRIVADO,EXTRANJERO,desarrollo,Técnico,En desacuerdo,Entre 11 a 15 años,POSTULACIÓN COMPETITIVA (CONVOCATORIAS PÚBLICAS Y PRIVADAS),Entre Bs. 3.501 - Bs. 5.000,Ofertas laborales con remuneración muy bajas.,SI,Menos de 1 mes,2,Satisfecho,Totalmente en desacuerdo,,"Incremento de actividades extracurriculares (Investigación, servicio social, etc), Mayor relacionamiento del estudiante con las empresas por medio de práctica profesionales., Mayor integración de la teoría con aplicaciones prácticas en el plan de estudios.","Tecnologia Redes Avanzadas, Planificación de Proyectos y Gestión, Introducción","Básicas (Física, Calculo, Algebras)",,,Sí,dato-prueba-1,,3 - Aceptable,3 - Aceptable,4 - Suficiente,1 - Muy insuficiente,4 - Suficiente,4 - Suficiente,5 - Muy suficiente,3 - Aceptable,5 - Muy suficiente,3 - Aceptable,4 - Suficiente,1 - Muy insuficiente,2 - Insuficiente,4 - Suficiente,5 - Muy suficiente,5 - Muy suficiente,La aplicación práctica de conceptos teóricos en proyectos reales.,,,,No,dato-prueba-1,,,Idea propia.,Producto,"No, financiamiento propio.",Insatisfecho,Poco Importante,No,Pos Doctorado,ESCUELA UNIVERSITARIA DE POSGRADO (EUPG),FINANCIADO CON RECURSOS PROPIOS,,Hombre,Recursos propios,Diplomado en Ciencia de Datos,
13/9/2026 6:53:00,titulado2195@ejemplo.test,23 - 26 años,Ana Rojas,2017,No trabaja,Consultora de software,Empresa de tecnología,Institución pública,Ejecutivo,Ingeniero Informatico,No,NO,TOTALMENTE EN DESACUERDO,0,5,Actualmente me encuentro trabajando en una organización,Diplomado,IA,Modular(fines de semana),UNIVERSIDADES PRIVADAS NACIONALES,Consultora de software,Telecomunicaciones,Institución pública,PÚBLICO,POTOSI,Contabilidad,Help Desk,Totalmente de acuerdo,más de 25 años,MEDIOS ESCRITOS O AUDIOVISUALES,Entre Bs. 5.001 - Bs. 7.000,Habilidades deficientes en las entrevistas.,NO,Entre 1 - 4 meses,3,Insatisfecho,En desacuerdo,"La distribución de los horarios de clases., El desarrollo de habilidades analíticas y de resolución de problemas., La colaboración de equipos multidisciplinarios para resolver problemas complejos.",,"T.I.S., Redes de Computadora",Teoría de Autómatas y Leng. Formales,,,,dato-prueba-2,,1 - Muy insuficiente,5 - Muy suficiente,3 - Aceptable,2 - Insuficiente,1 - Muy insuficiente,3 - Aceptable,4 - Suficiente,5 - Muy suficiente,4 - Suficiente,5 - Muy suficiente,3 - Aceptable,1 - Muy insuficiente,1 - Muy insuficiente,3 - Aceptable,5 - Muy suficiente,3 - Aceptable,,"Ofrecimiento de más opciones de especialización., Incremento de actividades extracurriculares (Investigación, servicio social, etc)",,,No,dato-prueba-2,Respuesta de prueba,,Otro.,Ambos,"No, financiamiento propio.",Insatisfecho,Importante,No,Diplomado,ESCUELA UNIVERSITARIA DE POSGRADO (EUPG),FINANCIADO CON RECURSOS PROPIOS,Maestría en Ingeniería de Software,Hombre,Patrocinio empresarial,,
1/2/2026 7:20:00,titulado3397@ejemplo.test,27 - 30 años,Ana Rojas,2017,Público,Trabajo independiente,Consultora de software,Institución pública,Help Desk,Ingeniero Informatico,Sí,SI,TOTALMENTE DE ACUERDO,3,3,Actualmente me encuentro trabajando en una organización,Maestría,REDES DE DATOS Y SEGURIDAD,Híbrida,UNIVERSIDADES PÚBLICAS NACIONALES,Institución pública,Redes de Computadoras,Trabajo independiente,PRIVADO,PANDO,desarrollo,Ejecutivo,Totalmente en desacuerdo,Entre 8 a 11 años,POSTULACIÓN COMPETITIVA (CONVOCATORIAS PÚBLICAS Y PRIVADAS),Entre Bs. 3.501 - Bs. 5.000,Habilidades deficientes en las entrevistas.,NO,Entre 1 - 4 meses,2,Satisfecho,Totalmente en desacuerdo,,"Mayor relacionamiento del estudiante con las empresas por medio de práctica profesionales., Mayor integración de la teoría con aplicaciones prácticas en el plan de estudios., La distribución de horarios de clases. (Horario para trabajadores, módulos virtuales, etc)",,"Básicas (Física, Calculo, Algebras), Taller de Programación en Bajo Nivel",,,Sí,,,2 - Insuficiente,4 - Suficiente,2 - Insuficiente,3 - Aceptable,3 - Aceptable,4 - Suficiente,4 - Suficiente,1 - Muy insuficiente,4 - Suficiente,5 - Muy suficiente,1 - Muy insuficiente,2 - Insuficiente,3 - Aceptable,2 - Insuficiente,3 - Aceptable,4 - Suficiente,La aplicación práctica de conceptos teóricos en proyectos reales.,,"Redes de Computadora, Electivas, Base de Datos",,No,dato-prueba-3,,dato-prueba-3,Idea propia.,Ambos,"No, financiamiento propio.",Satisfecho,Importante,Sí,Maestria,DIRECCIÓN DE POSGRADO FCyT,TOTAL FINANCIAMIENTO POR MEDIO DE UNA BECA,,Hombre,Patrocinio empresarial,Diplomado en Ciencia de Datos,
7/6/2026 10:22:00,titulado4803@ejemplo.test,23 - 26 años,Luis Fernandez,2019,Independiente,Institución pública,Empresa de tecnología,Consultora de software,Desarrollo,Ingeniero Informatico,Sí,,TOTALMENTE EN DESACUERDO,8,8,Actualmente me encuentro trabajando en una organización,Especialidad,IA,Presencial,UNIVERSIDADES INTERNACIONALES,Consultora de software,Redes de Computadoras,Consultora de software,PÚBLICO,TARIJA,"Administración, Contabilidad, Computo",Desarrollo,En desacuerdo,Entre 8 a 11 años,MEDIOS ESCRITOS O AUDIOVISUALES,Menor a Bs. 2500,Ofertas laborales con remuneración muy bajas.,SI,Entre 4 - 8 meses,1,Satisfecho,En desacuerdo,La aplicación práctica de conceptos teóricos en proyectos reales.,,"Básicas (Física, Calculo, Algebras)","Taller de Programación en Bajo Nivel, Robótica, Web Semánticas",No,dato-prueba-4,Respuesta de prueba,,,5 - Muy suficiente,2 - Insuficiente,3 - Aceptable,3 - Aceptable,3 - Aceptable,3 - Aceptable,1 - Muy insuficiente,5 - Muy suficiente,4 - Suficiente,1 - Muy insuficiente,3 - Aceptable,4 - Suficiente,2 - Insuficiente,1 - Muy insuficiente,1 - Muy insuficiente,1 - Muy insuficiente,,Mayor integración de la teoría con aplicaciones prácticas en el plan de estudios.,,,,,,dato-prueba-4,Idea propia.,Servicio,"Si, mediante préstamos bancarios.",Insatisfecho,Muy importante,No,Diplomado,UNIVERSIDADES PRIVADES NACIONALES,TOTAL FINANCIAMIENTO POR MEDIO DE UNA BECA,Diplomado en Ciencia de Datos,Mujer,Patrocinio empresarial,,SI
28/4/2026 9:28:00,titulado536@ejemplo.test,27 - 30 años,Diego Vargas,2016,Independiente,Empresa de tecnología,Trabajo independiente,Trabajo independiente,Ejecutivo,Ingeniero de Sistemas,Sí,NO,DE ACUERDO,0,2,Actualmente NO trabajo,Maestría,BASE DE DATOS,Virtual,UNIVERSIDADES PRIVADAS NACIONALES,Empresa de tecnología,Redes de Computadoras,Empresa de tecnología,PRIVADO,ORURO,Computo,Desarrollo,Totalmente en desacuerdo,más de 25 años,OTROS,Entre Bs. 5.001 - Bs. 7.000,Demanda laboral inexistente.,SI,Más de 12 meses,2,,En desacuerdo,,Mayor integración de la teoría con aplicaciones prácticas en el plan de estudios.,Redes de Computadora,"Graficación por Computadora, Robótica, Programación Funcional",No,dato-prueba-5,No,,Insatisfecho,4 - Suficiente,3 - Aceptable,4 - Suficiente,2 - Insuficiente,2 - Insuficiente,1 - Muy insuficiente,4 - Suficiente,4 - Suficiente,5 - Muy suficiente,2 - Insuficiente,4 - Suficiente,4 - Suficiente,3 - Aceptable,2 - Insuficiente,5 - Muy suficiente,2 - Insuficiente,La colaboración de equipos multidisciplinarios para resolver problemas complejos.,,,,,,,dato-prueba-5,Idea conjunta con compañeros.,Ambos,"No, financiamiento propio.",Insatisfecho,Muy importante,Sí,Especialidad,UNIVERSIDADES INTERNACIONALES,TOTAL FINANCIAMIENTO POR MEDIO DE UNA BECA,,Mujer,Recursos propios,Diplomado en Ciencia de Datos,
21/1/2026 12:54:00,titulado6593@ejemplo.test,15 - 18 años,Luis Fernandez,2018,Privado,Consultora de software,Trabajo independiente,Trabajo independiente,Desarrollo,Ingeniero Informatico,No,SI,TOTALMENTE DE ACUERDO,4,3,Actualmente NO trabajo,Diplomado,BASE DE DATOS,Modular(fines de semana),UNIVERSIDADES PÚBLICAS NACIONALES,Trabajo independiente,Desarrollo de Software,Trabajo independiente,PÚBLICO,TARIJA,"desarrollo, RRHH, Contabilidad",Ejecutivo,Totalmente de acuerdo,Entre 1 a 2 años,INTERNET Y REDES SOCIALES,Entre Bs. 5.001 - Bs. 7.000,Problemas de presentación del CV.,SI,Ya trabajaba antes de titularse,Más de 3,Algo satisfecho,Totalmente en desacuerdo,,,,,SI,,,,,4 - Suficiente,1 - Muy insuficiente,5 - Muy suficiente,3 - Aceptable,3 - Aceptable,2 - Insuficiente,4 - Suficiente,3 - Aceptable,1 - Muy insuficiente,3 - Aceptable,2 - Insuficiente,4 - Suficiente,4 - Suficiente,4 - Suficiente,3 - Aceptable,4 - Suficiente,La enseñanza de herramientas y software específico de la industria.,Mayor integración de la teoría con aplicaciones prácticas en el plan de estudios.,"Básicas (Física, Calculo, Algebras), Planificación de Proyectos y Gestión",Programación Funcional,,dato-prueba-6,Sí,dato-prueba-6,Idea conjunta con compañeros.,Producto,"Si, mediante inversores.",Satisfecho,No es importante,No,Maestria,UNIVERSIDADES PRIVADES NACIONALES,TOTAL FINANCIAMIENTO POR MEDIO DE UNA BECA,,Hombre,Créditos educativos,Diplomado en Ciencia de Datos,
30/5/2026 10:02:00,titulado7249@ejemplo.test,23 - 26 años,Carla Mendoza,2025,Independiente,Consultora de software,Trabajo independiente,Trabajo independiente,Desarrollo,Ingeniero Informatico,No,SI,TOTALMENTE EN DESACUERDO,9,10,Actualmente NO trabajo,Diplomado,INGENIERIA DE SOFTWARE,Virtual,DIRECCIÓN DE POSGRADO FCyT,Institución pública,Desarrollo de Software,Institución pública,PRIVADO,ORURO,"Computo, RRHH",Técnico,Totalmente de acuerdo,más de 25 años,POSTULACIÓN COMPETITIVA (CONVOCATORIAS PÚBLICAS Y PRIVADAS),Más de Bs. 10.000,Habilidades deficientes en las entrevistas.,SI,Entre 8 - 12 meses,2,Algo satisfecho,Totalmente en desacuerdo,La aplicación práctica de conceptos teóricos en proyectos reales.,,,"Teoría de Autómatas y Leng. Formales, Contabilidad Básica, Telefonía IP",,,Sí,dato-prueba-7,,4 - Suficiente,4 - Suficiente,2 - Insuficiente,1 - Muy insuficiente,2 - Insuficiente,5 - Muy suficiente,4 - Suficiente,4 - Suficiente,2 - Insuficiente,4 - Suficiente,2 - Insuficiente,5 - Muy suficiente,5 - Muy suficiente,3 - Aceptable,4 - Suficiente,2 - Insuficiente,,"Actualización constante del plan de estudios para atender tendencias actuales., Mayor relacionamiento del estudiante con las empresas por medio de práctica profesionales.","Tecnologia Redes Avanzadas, Introducción",,No,dato-prueba-7,,,Idea propia.,Servicio,"No, financiamiento propio.",Insatisfecho,Importante,Sí,Maestria,ESCUELA UNIVERSITARIA DE POSGRADO (EUPG),FINANCIADO CON RECURSOS PROPIOS,Diplomado en Ciencia de Datos,Hombre,Recursos propios,,
24/6/2026 4:42:00,titulado8650@ejemplo.test,23 - 26 años,Luis Fernandez,2020,Privado,Consultora de software,Consultora de software,Consultora de software,Ejecutivo,Ingeniero de Sistemas,No,SI,DE ACUERDO,9,5,Actualmente NO trabajo,Diplomado,REDES DE DATOS Y SEGURIDAD,Virtual,DIRECCIÓN DE POSGRADO FCyT,Institución pública,Telecomunicaciones,Empresa de tecnología,PRIVADO,PANDO,Computo,Desarrollo,En desacuerdo,Entre 1 a 2 años,OTROS,Más de Bs. 10.000,"Incumplimiento de requisitos en habilidades específicas (idiomas, softwares, etc).",SI,Entre 4 - 8 meses,2,,Totalmente de Acuerdo,,"Mayor integración de la teoría con aplicaciones prácticas en el plan de estudios., Incremento de actividades extracurriculares (Investigación, servicio social, etc)",,,No,dato-prueba-8,No,,Algo satisfecho,2 - Insuficiente,3 - Aceptable,4 - Suficiente,5 - Muy suficiente,3 - Aceptable,1 - Muy insuficiente,2 - Insuficiente,5 - Muy suficiente,2 - Insuficiente,5 - Muy suficiente,4 - Suficiente,1 - Muy insuficiente,3 - Aceptable,3 - Aceptable,4 - Suficiente,4 - Suficiente,"La oportunidad de realizar pasantías o prácticas profesionales., La colaboración de equipos multidisciplinarios para resolver problemas complejos.",,"Básicas (Física, Calculo, Algebras), Tecnologia Redes Avanzadas, Planificación de Proyectos y Gestión",Programación Funcional,,,,dato-prueba-8,Spin Off (derivado de un proyecto de la Universidad),Ambos,"Si, mediante inversores.",Algo satisfecho,Importante,Sí,Especialidad,UNIVERSIDADES PRIVADES NACIONALES,FINANCIADO CON RECURSOS PROPIOS,Maestría en Ingeniería de Software,Hombre,Créditos educativos,,
11/9/2026 0:33:00,titulado9994@ejemplo.test,31 - 34 años,Carla Mendoza,2022,Independiente,Consultora de software,Institución pública,Trabajo independiente,Ejecutivo,Ingeniero Informatico,No,NO,EN DESACUERDO,11,10,Actualmente me encuentro trabajando en una organización,Diplomado,ROBÓTICA,Presencial,UNIVERSIDADES INTERNACIONALES,Institución pública,Telecomunicaciones,Trabajo independiente,PRIVADO,ORURO,"RRHH, Computo",Ejecutivo,Totalmente en desacuerdo,Entre 15 a 20 años,MEDIOS ESCRITOS O AUDIOVISUALES,Menor a Bs. 2500,Ofertas laborales con remuneración muy bajas.,SI,Entre 4 - 8 meses,2,Algo satisfecho,De acuerdo,,Mayor integración de la teoría con aplicaciones prácticas en el plan de estudios.,Inteligencia Artificial,,,dato-prueba-9,,dato-prueba-9,,3 - Aceptable,3 - Aceptable,2 - Insuficiente,4 - Suficiente,1 - Muy insuficiente,2 - Insuficiente,5 - Muy suficiente,4 - Suficiente,5 - Muy suficiente,3 - Aceptable,2 - Insuficiente,3 - Aceptable,4 - Suficiente,3 - Aceptable,5 - Muy suficiente,4 - Suficiente,"La colaboración de equipos multidisciplinarios para resolver problemas complejos., La enseñanza de herramientas y software específico de la industria.",,,"Teoría de Autómatas y Leng. Formales, Contabilidad Básica, Básicas (Física, Calculo, Algebras)",SI,,Respuesta de prueba,,Idea propia.,Servicio,"Si, mediante inversores.",Satisfecho,Importante,No,Pos Doctorado,UNIVERSIDADES PRIVADES NACIONALES,TOTAL FINANCIAMIENTO POR MEDIO DE UNA BECA,Diplomado en Ciencia de Datos,Mujer,Créditos educativos,,
16/2/2026 14:26:00,titulado10784@ejemplo.test,23 - 26 años,Carla Mendoza,2025,Público,Consultora de software,Empresa de tecnología,Trabajo independiente,Help Desk,Ingeniero Informatico,Sí,SI,DE ACUERDO,1,2,Actualmente NO trabajo,Doctorado,ROBÓTICA,Presencial,UNIVERSIDADES PÚBLICAS NACIONALES,Consultora de software,Redes de Computadoras,Trabajo independiente,PÚBLICO,PANDO,"Contabilidad, Computo",Help Desk,En desacuerdo,Entre 20 a 25 años,MEDIOS ESCRITOS O AUDIOVISUALES,Más de Bs. 10.000,Ofertas laborales con remuneración muy bajas.,NO,Entre 1 - 4 meses,Más de 3,,De acuerdo,"La aplicación práctica de conceptos teóricos en proyectos reales., La colaboración de equipos multidisciplinarios para resolver problemas complejos., La distribución de los horarios de clases.",Actualización constante del plan de estudios para atender tendencias actuales.,,"Básicas (Física, Calculo, Algebras), Taller de Programación en Bajo Nivel, Teoría de Autómatas y Leng. Formales",No,,Sí,dato-prueba-10,Satisfecho,4 - Suficiente,1 - Muy insuficiente,5 - Muy suficiente,5 - Muy suficiente,4 - Suficiente,3 - Aceptable,3 - Aceptable,4 - Suficiente,2 - Insuficiente,4 - Suficiente,4 - Suficiente,4 - Suficiente,1 - Muy insuficiente,4 - Suficiente,3 - Aceptable,5 - Muy suficiente,,,"Redes de Computadora, T.I.S., Planificación de Proyectos y Gestión",,,dato-prueba-10,,,Idea propia.,Producto,"Si, mediante préstamos bancarios.",Insatisfecho,No es importante,Sí,Especialidad,UNIVERSIDADES PRIVADES NACIONALES,FINANCIADO PARCIALMENTE POR MEDIO DE UNA BECA,,Hombre,Becas estatales,Maestría en Ingeniería de Software,
17/2/2026 1:02:00,titulado11371@ejemplo.test,31 - 34 años,Carla Mendoza,2015,ONG,Institución pública,Institución pública,Trabajo independiente,Desarrollo,Ingeniero Informatico,No,,DE ACUERDO,7,12,Actualmente dedico mi tiempo COMPLETO a un emprendimiento propio,Maestría,INGENIERIA DE SOFTWARE,Presencial,UNIVERSIDADES INTERNACIONALES,Consultora de software,Redes de Computadoras,Institución pública,PÚBLICO,LA PAZ,"desarrollo, RRHH",Help Desk,En desacuerdo,Entre 8 a 11 años,MEDIOS ESCRITOS O AUDIOVISUALES,Más de Bs. 10.000,"Incumplimiento de requisitos en habilidades específicas (idiomas, softwares, etc).",NO,Entre 1 - 4 meses,2,,En desacuerdo,"La aplicación práctica de conceptos teóricos en proyectos reales., La distribución de los horarios de clases.","Incremento de actividades extracurriculares (Investigación, servicio social, etc), Mayor relacionamiento del estudiante con las empresas por medio de práctica profesionales., Mayor integración de la teoría con aplicaciones prácticas en el plan de estudios.",,Graficación por Computadora,,dato-prueba-11,No,dato-prueba-11,Satisfecho,5 - Muy suficiente,3 - Aceptable,5 - Muy suficiente,3 - Aceptable,3 - Aceptable,1 - Muy insuficiente,4 - Suficiente,2 - Insuficiente,2 - Insuficiente,5 - Muy suficiente,3 - Aceptable,1 - Muy insuficiente,5 - Muy suficiente,1 - Muy insuficiente,2 - Insuficiente,1 - Muy insuficiente,,,"Introducción, Electivas, Planificación de Proyectos y Gestión",,No,,,,Otro.,Producto,"Si, mediante préstamos bancarios.",Satisfecho,No es importante,Sí,Especialidad,UNIVERSIDADES PÚBLICAS NACIONALES,FINANCIADO PARCIALMENTE POR MEDIO DE UNA BECA,Maestría en Ingeniería de Software,Hombre,Patrocinio empresarial,,NO
23/6/2026 18:14:00,titulado12831@ejemplo.test,27 - 30 años,Ana Rojas,2017,Independiente,Trabajo independiente,Consultora de software,Institución pública,Ejecutivo,Ingeniero Informatico,No,NO,TOTALMENTE DE ACUERDO,12,6,Actualmente dedico mi tiempo COMPLETO a un emprendimiento propio,Maestría,INGENIERIA DE SOFTWARE,Presencial,UNIVERSIDADES PÚBLICAS NACIONALES,Consultora de software,Banca,Institución pública,PRIVADO,BENI,"Computo, Contabilidad, RRHH",Ejecutivo,Totalmente de acuerdo,Entre 11 a 15 años,OTROS,Entre Bs. 5.001 - Bs. 7.000,Incumplimiento de requisitos de experiencia previa.,SI,Ya trabajaba antes de titularse,1,Algo satisfecho,Totalmente de Acuerdo,El desarrollo de habilidades analíticas y de resolución de problemas.,"Actualización constante del plan de estudios para atender tendencias actuales., Mayor integración de la teoría con aplicaciones prácticas en el plan de estudios.","Electivas, Planificación de Proyectos y Gestión, Básicas (Física, Calculo, Algebras)","Contabilidad Básica, Teoría de Autómatas y Leng. Formales, Taller de Programación en Bajo Nivel",,dato-prueba-12,Sí,,,3 - Aceptable,3 - Aceptable,4 - Suficiente,4 - Suficiente,5 - Muy suficiente,3 - Aceptable,3 - Aceptable,3 - Aceptable,3 - Aceptable,5 - Muy suficiente,3 - Aceptable,2 - Insuficiente,2 - Insuficiente,4 - Suficiente,1 - Muy insuficiente,2 - Insuficiente,,,,,SI,,,dato-prueba-12,Idea conjunta con compañeros.,Producto,"Si, mediante inversores.",Insatisfecho,No es importante,Sí,Diplomado,IBNORCA,TOTAL FINANCIAMIENTO POR MEDIO DE UNA BECA,Diplomado en Ciencia de Datos,Hombre,Créditos educativos,,
